Яма: роман,Акунин Б.
Доказательная психосоматика: факты и научный подход,Кармацкий Т.
W.I.T.C.H. Часть 3. Кризис двух миров. Том 1,Ньоне Э.
Пятый Дракон,Лия Арден
Путь домохозяина. Том 3,Оно К.
Прыжок,Лукьяненко С.В.
До самого рая,Янагихара Х.
Основатель Тёмного Пути. Маньхуа. Том 4,Мосян Тунсю
GTO. Крутой учитель Онидзука. Книга 3,Фудзисава Т.
Дом Кёко: роман,Мисима Ю.
Гангста. Gangsta. Том 4,Коскэ
"Расстаться нельзя остаться. Книга для тех, кто устал от драм и хочет счастливых отношений",Карпавичус А.
Мор,Таласса Л.
"Брат. Незабытый герой. Культурный феномен, изменивший историю","Захарьев А.А., Володин М."
Риджийский гамбит. Дифференцировать тьму (+вкладыш),Сафонова Е.С.
Звездные войны: Последний приказ. Трилогия Трауна. Книга 3,Зан Т.
Регина-путешественница спасает Австралию,Тодоренко Р.П.
PRO выпечку и хлеб,Забавников И.
Жажда власти 4. Рестарт: фантастический роман,Тармашев С.С.
Жизнь гейши. Мемуары самой известной гейши в мире,Ивасаки М.
Мара и Морок,Арден Ли
"К себе нежно. Книга о том, как ценить и беречь себя",Примаченко О.В.
Земля Королей. Червовый том,Нечитайло Ф.К.
Благословение небожителей. Том 1,Мосян Тунсю
Зеленый свет,Макконахи М.
Naruto. Наруто. Книга 6. Бой в Листве. Финал,Кисимото М.
Человек-бензопила. Книга 3. Несовершеннолетний. Бум-бум-бум,Фудзимото Т.
Земля Королей. Трефовый том,Нечитайло Ф.К.
Проза бродячих псов. Том 4,Асагири К.
После тяжелой продолжительной болезни. Время Николая II,Акунин Б.
Death Note. Истории,Ооба Ц.
"Сказать жизни ""ДА!"": психолог в концлагере","Франкл, Виктор Эмиль"
"Что-то не так с Гэлвинами. Идеальная семья, разрушенная безумием",Колкер Р.
Человек-бензопила. Книга 1. Пес и бензопила. Бензопила против нетопыря,Фудзимото Т.
Эшелон на Самарканд,Яхина Г.Ш.
Naruto. Наруто. Книга 1. Наруто Удзумаки,Кисимото М.
Тревожные люди,Бакман Ф.
Королевство,Несбё Ю
Дурная кровь,Гэлбрейт Р.
Непобедимое солнце,Пелевин В.
Восстание клана Чан (#2),Гуйюань Т.
Благословение небожителей. Том 4,Мосян Тунсю
Основатель Тёмного Пути. Маньхуа. Том 5,Мосян Тунсю
Печать Нострадамуса. Тайна последнего предсказания,Пелевина О.
Король Неверленда,Кроу Н.
Волчица и Охотник,Райд А.
Сожженные земли. Лишний,Щучкина А.
Пропавшие наши сердца: Роман,Инг С.
Тайна всегда со мной,"Полякова Т.В., Полякова А.М."
Кай,Анжело А.
Сломай меня,Брэнди М.
Сердца Пандоры. Книга 12,Мотидзуки Д.
Последний гамбит,Барнс Дж.
Любимчик Эпохи,Качур К.
Царство Страха,Манискалко К.
Мальчики из Фоллз,Дуглас П.
Закон хабара,Силлов Д.О.
Империя мертвецов,"Ито К., Эндзё Т."
W.I.T.C.H. Часть 3. Кризис двух миров. Том 2,Ньоне Э.
Проблема с миром,Аберкромби Дж.
